insert_job,job_type,box_name,command,machine,owner,permission,date_conditions,condition,description,std_out_file,std_err_file,alarm_if_fail,profile,application
US.ANA01001.CMD, CMD,US.ANA01000.BOX,$GEN_BIN/run_Talend_job.ksh -j "jSfTruncStgTables",Virtual_DEV_Linux,autosys,gx;ge;wx,0,null,"Triggers job jSfTruncStgTables to truncate Snowflake STG tables for project BIANALYTICS04","${ANA_LOG}/${AUTO_JOB_NAME}.log","${ANA_LOG}/${AUTO_JOB_NAME}.log",1,"${HOME}/jobs/ana/env/ana_env_sf.sh",ANA
US.ANA01002.CMD, CMD,US.ANA01000.BOX,$GEN_BIN/run_Talend_job.ksh -j "jSfTruncStgTablesCustom",Virtual_DEV_Linux,autosys,gx;ge;wx,0,null,"Triggers job jSfTruncStgTablesCustom to truncate Snowflake STG tables for project BIANALYTICS04-Custom","${ANA_LOG}/${AUTO_JOB_NAME}.log","${ANA_LOG}/${AUTO_JOB_NAME}.log",1,"${HOME}/jobs/ana/env/ana_env_sf.sh",ANA
US.ANA01002.CMD, CMD,US.ANA01001.BOX,$GEN_BIN/run_Talend_job.ksh -j "jSfWorkflowStart",Virtual_DEV_Linux,autosys,gx;ge;wx,0,s(US.ANA01511.CMD),"Triggers job jSfWorkflowStart to start workflow for project BIANALYTICS04","${ANA_LOG}/${AUTO_JOB_NAME}.log","${ANA_LOG}/${AUTO_JOB_NAME}.log",1,"${HOME}/jobs/ana/env/ana_env_sf.sh",ANA
US.ANA01003.CMD, CMD,US.ANA01001.BOX,$GEN_BIN/run_Talend_job.ksh -j "jSfWorkflowEnd",Virtual_DEV_Linux,autosys,gx;ge;wx,0,null,"Triggers job jSfWorkflowEnd to end workflow for project BIANALYTICS04","${ANA_LOG}/${AUTO_JOB_NAME}.log","${ANA_LOG}/${AUTO_JOB_NAME}.log",1,"${HOME}/jobs/ana/env/ana_env_sf.sh",ANA
US.ANA01004.CMD, CMD,US.ANA01000.BOX,$GEN_BIN/run_Talend_job.ksh -j "jSfTruncStgTablesLease",Virtual_DEV_Linux,autosys,gx;ge;wx,0,null,"Triggers job jSfTruncStgTablesLease to truncate Snowflake STG tables for project BIANALYTICS04-Lease_projections","${ANA_LOG}/${AUTO_JOB_NAME}.log","${ANA_LOG}/${AUTO_JOB_NAME}.log",1,"${HOME}/jobs/ana/env/ana_env_sf.sh",ANA
US.ANA01005.CMD, CMD,US.ANA01005.BOX,$GEN_BIN/run_Talend_job.ksh -j "jSfTruncStgTablesBilling",Virtual_DEV_Linux,autosys,gx;ge;wx,0,s(US.ANA01017.CMD),"Triggers job jSfTruncStgTablesBilling to truncate Snowflake STG tables for project BIANALYTICS04-Billing","${ANA_LOG}/${AUTO_JOB_NAME}.log","${ANA_LOG}/${AUTO_JOB_NAME}.log",1,"${HOME}/jobs/ana/env/ana_env_sf.sh",ANA
US.ANA01006.CMD, CMD,US.ANA01006.BOX,$GEN_BIN/run_Talend_job.ksh -j "jSfTruncStgTablesRentalBilling",Virtual_DEV_Linux,autosys,gx;ge;wx,0,null,"Triggers job jSfTruncStgTablesRentalBilling to truncate Snowflake STG tables for project BIANALYTICS04-RentalBilling","${ANA_LOG}/${AUTO_JOB_NAME}.log","${ANA_LOG}/${AUTO_JOB_NAME}.log",1,"${HOME}/jobs/ana/env/ana_env_sf.sh",ANA
US.ANA01009.CMD, CMD,US.ANA01009.BOX,/opt/autosys/jobs/general/env/run_Jenkins_data_validation_job.ksh,Virtual_DEV_Linux,autosys,gx;ge;wx,0,null,"Triggers data validation jobs in Jenkins","${ANA_LOG}/${AUTO_JOB_NAME}.log","${ANA_LOG}/${AUTO_JOB_NAME}.log",1,"${HOME}/jobs/ana/env/ana_env_sf.sh",ANA
US.ANA01010.CMD, CMD,US.ANA01001.BOX,$GEN_BIN/run_Talend_job.ksh -j "jUpdate",Virtual_DEV_Linux,autosys,gx;ge;wx,0,null,"Triggers job jUpdate","${ANA_LOG}/${AUTO_JOB_NAME}.log","${ANA_LOG}/${AUTO_JOB_NAME}.log",1,"${HOME}/jobs/ana/env/ana_env_sf.sh",ANA
US.ANA01011.CMD, CMD,US.ANA01066.BOX,$GEN_BIN/run_Talend_job.ksh -j "jSfCoreDelete",Virtual_DEV_Linux,autosys,gx;ge;wx,0,null,"Triggers job jSfCoreDelete","${ANA_LOG}/${AUTO_JOB_NAME}.log","${ANA_LOG}/${AUTO_JOB_NAME}.log",1,"${HOME}/jobs/ana/env/ana_env_sf.sh",ANA
US.ANA01012.CMD, CMD,US.ANA01066.BOX,$GEN_BIN/run_Talend_job.ksh -j "jSfRefCoreDelete",Virtual_DEV_Linux,autosys,gx;ge;wx,0,null,"Triggers job jSfRefCoreDelete","${ANA_LOG}/${AUTO_JOB_NAME}.log","${ANA_LOG}/${AUTO_JOB_NAME}.log",1,"${HOME}/jobs/ana/env/ana_env_sf.sh",ANA
US.ANA01013.CMD, CMD,US.ANA01066.BOX,$GEN_BIN/run_Talend_job.ksh -j "jSfTxnBillDelete",Virtual_DEV_Linux,autosys,gx;ge;wx,0,null,"Triggers job jSfTxnBillDelete","${ANA_LOG}/${AUTO_JOB_NAME}.log","${ANA_LOG}/${AUTO_JOB_NAME}.log",1,"${HOME}/jobs/ana/env/ana_env_sf.sh",ANA
US.ANA01014.CMD, CMD,US.ANA01066.BOX,$GEN_BIN/run_Talend_job.ksh -j "jSfTxnInvDelete",Virtual_DEV_Linux,autosys,gx;ge;wx,0,null,"Triggers job jSfTxnInvDelete","${ANA_LOG}/${AUTO_JOB_NAME}.log","${ANA_LOG}/${AUTO_JOB_NAME}.log",1,"${HOME}/jobs/ana/env/ana_env_sf.sh",ANA
US.ANA01015.CMD, CMD,US.ANA01066.BOX,$GEN_BIN/run_Talend_job.ksh -j "jSfTxnAcdtDelete",Virtual_DEV_Linux,autosys,gx;ge;wx,0,null,"Triggers job jSfTxnAcdtDelete","${ANA_LOG}/${AUTO_JOB_NAME}.log","${ANA_LOG}/${AUTO_JOB_NAME}.log",1,"${HOME}/jobs/ana/env/ana_env_sf.sh",ANA
US.ANA01017.CMD, CMD,US.ANA01005.BOX,$GEN_BIN/run_Talend_job.ksh -j "jUpdateBilling",Virtual_DEV_Linux,autosys,gx;ge;wx,0,null,"Triggers job jUpdateBilling to create the entry in the Load Date Table (get and put data from Prod)","${ANA_LOG}/${AUTO_JOB_NAME}.log","${ANA_LOG}/${AUTO_JOB_NAME}.log",1,"${HOME}/jobs/ana/env/ana_env_sf.sh",ANA
US.ANA01018.CMD, CMD,US.ANA01001.BOX,$GEN_BIN/run_Talend_job.ksh -j "jUpdateCustom",Virtual_DEV_Linux,autosys,gx;ge;wx,0,null,"Triggers job jUpdateCustom to create the entry in the Load Date Table (get and put data from Prod)","${ANA_LOG}/${AUTO_JOB_NAME}.log","${ANA_LOG}/${AUTO_JOB_NAME}.log",1,"${HOME}/jobs/ana/env/ana_env_sf.sh",ANA
US.ANA01019.CMD, CMD,US.ANA01006.BOX,$GEN_BIN/run_Talend_job.ksh -j "jUpdateRentalBilling",Virtual_DEV_Linux,autosys,gx;ge;wx,0,null,"Triggers job jUpdateRentalBilling to create the entry in the Load Date Table (get and put data from Prod)","${ANA_LOG}/${AUTO_JOB_NAME}.log","${ANA_LOG}/${AUTO_JOB_NAME}.log",1,"${HOME}/jobs/ana/env/ana_env_sf.sh",ANA
US.ANA01020.CMD, CMD,US.ANA01056.BOX,$GEN_BIN/run_Talend_job.ksh -j "jUpdateLease_projections",Virtual_DEV_Linux,autosys,gx;ge;wx,0,null,"Triggers job jUpdateRentalBilling to create the entry in the Load Date Table (get and put data from Prod)","${ANA_LOG}/${AUTO_JOB_NAME}.log","${ANA_LOG}/${AUTO_JOB_NAME}.log",1,"${HOME}/jobs/ana/env/ana_env_sf.sh",ANA
US.ANA01029.CMD, CMD,US.ANA01011.BOX,$GEN_BIN/run_Talend_job.ksh -j "jSfCoreAssetInfoStg",Virtual_DEV_Linux,autosys,gx;ge;wx,0,s(US.ANA01071.CMD),"Triggers job jSfCoreAssetInfoStg to load data from Spin Source asset_physical to Snowflake Stage asset_info","${ANA_LOG}/${AUTO_JOB_NAME}.log","${ANA_LOG}/${AUTO_JOB_NAME}.log",1,"${HOME}/jobs/ana/env/ana_env_sf.sh",ANA
US.ANA01031.CMD, CMD,US.ANA01015.BOX,$GEN_BIN/run_Talend_job.ksh -j "jSfCoreClientBreakdownStg",Virtual_DEV_Linux,autosys,gx;ge;wx,0,null,"Triggers job jSfCoreClientBreakdownStg to load data from Spin Source client_Breakdown to Snowflake Stage client_Breakdown","${ANA_LOG}/${AUTO_JOB_NAME}.log","${ANA_LOG}/${AUTO_JOB_NAME}.log",1,"${HOME}/jobs/ana/env/ana_env_sf.sh",ANA
US.ANA01034.CMD, CMD,US.ANA01031.BOX,$GEN_BIN/run_Talend_job.ksh -j "jSfCorePrfCliBkdwnStg",Virtual_DEV_Linux,autosys,gx;ge;wx,0,null,"Triggers job jSfCorePrfCliBkdwnStg to load data from Spin Source profile to Snowflake Stage profile_client_breakdown","${ANA_LOG}/${AUTO_JOB_NAME}.log","${ANA_LOG}/${AUTO_JOB_NAME}.log",1,"${HOME}/jobs/ana/env/ana_env_sf.sh",ANA
US.ANA01040.CMD, CMD,US.ANA01016.BOX,$GEN_BIN/run_Talend_job.ksh -j "jSfCoreIntrnlCntctInfStg",Virtual_DEV_Linux,autosys,gx;ge;wx,0,null,"Triggers job jSfCoreIntrnlCntctInfStg to load data from Spin Source rnal_contact to Snowflake Stage internal_contact_info","${ANA_LOG}/${AUTO_JOB_NAME}.log","${ANA_LOG}/${AUTO_JOB_NAME}.log",1,"${HOME}/jobs/ana/env/ana_env_sf.sh",ANA
US.ANA01044.CMD, CMD,US.ANA01012.BOX,$GEN_BIN/run_Talend_job.ksh -j "jSfCoreAssetInfoExt1Stg",Virtual_DEV_Linux,autosys,gx;ge;wx,0,s(US.ANA01071.CMD),"Triggers job jSfCoreAssetInfoExt1Stg  to load data from Spin Source asset_acquisition to Snowflake Stage asset_info_ext1","${ANA_LOG}/${AUTO_JOB_NAME}.log","${ANA_LOG}/${AUTO_JOB_NAME}.log",1,"${HOME}/jobs/ana/env/ana_env_sf.sh",ANA
US.ANA01051.CMD, CMD,US.ANA01013.BOX,$GEN_BIN/run_Talend_job.ksh -j "jSfCoreAssetInfoExt2Stg",Virtual_DEV_Linux,autosys,gx;ge;wx,0,s(US.ANA01071.CMD),"Triggers job jSfCoreAssetInfoExt2Stg to load data from Spin Source asset_physical to Snowflake Stage asset_info_ext2","${ANA_LOG}/${AUTO_JOB_NAME}.log","${ANA_LOG}/${AUTO_JOB_NAME}.log",1,"${HOME}/jobs/ana/env/ana_env_sf.sh",ANA
US.ANA01058.CMD, CMD,US.ANA01017.BOX,$GEN_BIN/run_Talend_job.ksh -j "jSfCorePersonStg",Virtual_DEV_Linux,autosys,gx;ge;wx,0,null,"Triggers job jSfCorePersonStg to load data from Spin Source person to Snowflake Stage person","${ANA_LOG}/${AUTO_JOB_NAME}.log","${ANA_LOG}/${AUTO_JOB_NAME}.log",1,"${HOME}/jobs/ana/env/ana_env_sf.sh",ANA
US.ANA01061.CMD, CMD,US.ANA01028.BOX,$GEN_BIN/run_Talend_job.ksh -j "jSfCoreAstInfoExt3Stg",Virtual_DEV_Linux,autosys,gx;ge;wx,0,s(US.ANA01071.CMD),"Triggers job jSfCoreAstInfoExt3Stg to load data from Spin Source asset_physical to Snowflake Stage asset_info_ext2","${ANA_LOG}/${AUTO_JOB_NAME}.log","${ANA_LOG}/${AUTO_JOB_NAME}.log",1,"${HOME}/jobs/ana/env/ana_env_sf.sh",ANA
US.ANA01062.CMD, CMD,US.ANA01035.BOX,$GEN_BIN/run_Talend_job.ksh -j "jSfCorePersonAssetHistoryStg",Virtual_DEV_Linux,autosys,gx;ge;wx,0,null,"Triggers job jSfCorePersonAssetHistoryStg to load data from Spin Source person_asset_history to Snowflake Stage person_asset_history","${ANA_LOG}/${AUTO_JOB_NAME}.log","${ANA_LOG}/${AUTO_JOB_NAME}.log",1,"${HOME}/jobs/ana/env/ana_env_sf.sh",ANA
US.ANA01063.CMD, CMD,US.ANA01033.BOX,$GEN_BIN/run_Talend_job.ksh -j "jSfCoreAstOptnStg",Virtual_DEV_Linux,autosys,gx;ge;wx,0,null,"Triggers job jSfCoreAstOptnStg to load data from Spin Source asset_option to Snowflake Stage asset_option","${ANA_LOG}/${AUTO_JOB_NAME}.log","${ANA_LOG}/${AUTO_JOB_NAME}.log",1,"${HOME}/jobs/ana/env/ana_env_sf.sh",ANA
US.ANA01066.CMD, CMD,US.ANA01003.BOX,$GEN_BIN/run_Talend_job.ksh -j "jSfCoreAssetInfoSeedStg",Virtual_DEV_Linux,autosys,gx;ge;wx,0,null,"Triggers job jSfCoreAssetInfoSeedStg to load data from Spin Source fuel_event to Snowflake Stage asset_info","${ANA_LOG}/${AUTO_JOB_NAME}.log","${ANA_LOG}/${AUTO_JOB_NAME}.log",1,"${HOME}/jobs/ana/env/ana_env_sf.sh",ANA
US.ANA01069.CMD, CMD,US.ANA01017.BOX,$GEN_BIN/run_Talend_job.ksh -j "jSfCorePersonSeedStg",Virtual_DEV_Linux,autosys,gx;ge;wx,0,s(US.ANA01058.CMD),"Triggers job jSfCorePersonSeedStg  to load data from Spin Source person to Snowflake Stage person","${ANA_LOG}/${AUTO_JOB_NAME}.log","${ANA_LOG}/${AUTO_JOB_NAME}.log",1,"${HOME}/jobs/ana/env/ana_env_sf.sh",ANA
US.ANA01071.CMD, CMD,US.ANA01003.BOX,$GEN_BIN/run_Talend_job.ksh -j "jSfCoreAssetInfoCdcStg",Virtual_DEV_Linux,autosys,gx;ge;wx,0,s(US.ANA01066.CMD),"Triggers job jSfCoreAssetInfoCdcStg to load data from Spin Source fuel_event to Snowflake Stage asset_info","${ANA_LOG}/${AUTO_JOB_NAME}.log","${ANA_LOG}/${AUTO_JOB_NAME}.log",1,"${HOME}/jobs/ana/env/ana_env_sf.sh",ANA
US.ANA01072.CMD, CMD,US.ANA01017.BOX,$GEN_BIN/run_Talend_job.ksh -j "jSfCorePersonCdcStg",Virtual_DEV_Linux,autosys,gx;ge;wx,0,s(US.ANA01069.CMD),"Triggers job jSfCorePersonCdcStg to load data from Spin Source fuel_event to Snowflake Stage person","${ANA_LOG}/${AUTO_JOB_NAME}.log","${ANA_LOG}/${AUTO_JOB_NAME}.log",1,"${HOME}/jobs/ana/env/ana_env_sf.sh",ANA
US.ANA01087.CMD, CMD,US.ANA01011.BOX,$GEN_BIN/run_Talend_job.ksh -j "jSfCoreAssetInfo",Virtual_DEV_Linux,autosys,gx;ge;wx,0,s(US.ANA01377.CMD),"Triggers job jSfCoreAssetInfo to load data from Spin Source asset_info_stg to Snowflake Target asset_info","${ANA_LOG}/${AUTO_JOB_NAME}.log","${ANA_LOG}/${AUTO_JOB_NAME}.log",1,"${HOME}/jobs/ana/env/ana_env_sf.sh",ANA
US.ANA01089.CMD, CMD,US.ANA01015.BOX,$GEN_BIN/run_Talend_job.ksh -j "jSfCoreClientBreakdown",Virtual_DEV_Linux,autosys,gx;ge;wx,0,s(US.ANA01031.CMD),"Triggers job jSfCoreClientBreakdown to load data from Spin Source client_breakdown_stg to Snowflake Target client_breakdown","${ANA_LOG}/${AUTO_JOB_NAME}.log","${ANA_LOG}/${AUTO_JOB_NAME}.log",1,"${HOME}/jobs/ana/env/ana_env_sf.sh",ANA
US.ANA01092.CMD, CMD,US.ANA01031.BOX,$GEN_BIN/run_Talend_job.ksh -j "jSfCorePrfCliBkdwn",Virtual_DEV_Linux,autosys,gx;ge;wx,0,s(US.ANA01034.CMD),"Triggers job jSfCorePrfCliBkdwn to load data from Cassandra Source profile_client_breakdown_stg to Snowflake Target fdb_core_profile_client_breakdown","${ANA_LOG}/${AUTO_JOB_NAME}.log","${ANA_LOG}/${AUTO_JOB_NAME}.log",1,"${HOME}/jobs/ana/env/ana_env_sf.sh",ANA
US.ANA01096.CMD, CMD,US.ANA01016.BOX,$GEN_BIN/run_Talend_job.ksh -j "jSfCoreIntrnlCntctInf",Virtual_DEV_Linux,autosys,gx;ge;wx,0,s(US.ANA01040.CMD),"Triggers job jSfCoreIntrnlCntctInf to load data from Spin Source internal_contact_info_stg to Snowflake Target internal_contact_info","${ANA_LOG}/${AUTO_JOB_NAME}.log","${ANA_LOG}/${AUTO_JOB_NAME}.log",1,"${HOME}/jobs/ana/env/ana_env_sf.sh",ANA
US.ANA01098.CMD, CMD,US.ANA01012.BOX,$GEN_BIN/run_Talend_job.ksh -j "jSfCoreAssetInfoExt1",Virtual_DEV_Linux,autosys,gx;ge;wx,0,s(US.ANA01378.CMD),"Triggers job jSfCoreAssetInfoExt1 to load data from Spin Source asset_info_ext1_stg to Snowflake Target asset_info_ext1","${ANA_LOG}/${AUTO_JOB_NAME}.log","${ANA_LOG}/${AUTO_JOB_NAME}.log",1,"${HOME}/jobs/ana/env/ana_env_sf.sh",ANA
US.ANA01104.CMD, CMD,US.ANA01028.BOX,$GEN_BIN/run_Talend_job.ksh -j "jSfCoreAstInfoExt3",Virtual_DEV_Linux,autosys,gx;ge;wx,0,s(US.ANA01344.CMD),"Triggers job jSfCoreAstInfoExt3 to load data from Spin Source asset_info_ext2_stg to Snowflake Target asset_info_ext2","${ANA_LOG}/${AUTO_JOB_NAME}.log","${ANA_LOG}/${AUTO_JOB_NAME}.log",1,"${HOME}/jobs/ana/env/ana_env_sf.sh",ANA
US.ANA01110.CMD, CMD,US.ANA01013.BOX,$GEN_BIN/run_Talend_job.ksh -j "jSfCoreAssetInfoExt2",Virtual_DEV_Linux,autosys,gx;ge;wx,0,s(US.ANA01343.CMD),"Triggers job jSfCoreAssetInfoExt2 to load data from Spin Source asset_info_ext2_stg to Snowflake Target asset_info_ext2","${ANA_LOG}/${AUTO_JOB_NAME}.log","${ANA_LOG}/${AUTO_JOB_NAME}.log",1,"${HOME}/jobs/ana/env/ana_env_sf.sh",ANA
US.ANA01115.CMD, CMD,US.ANA01033.BOX,$GEN_BIN/run_Talend_job.ksh -j "jSfCoreAstOptn",Virtual_DEV_Linux,autosys,gx;ge;wx,0,s(US.ANA01063.CMD),"Triggers job jSfCoreAstOptn to load data from Cassandra Source asset_option_stg to Snowflake Target fdb_core_asset_cap_detail","${ANA_LOG}/${AUTO_JOB_NAME}.log","${ANA_LOG}/${AUTO_JOB_NAME}.log",1,"${HOME}/jobs/ana/env/ana_env_sf.sh",ANA
US.ANA01117.CMD, CMD,US.ANA01017.BOX,$GEN_BIN/run_Talend_job.ksh -j "jSfCorePerson",Virtual_DEV_Linux,autosys,gx;ge;wx,0,s(US.ANA01072.CMD),"Triggers job jSfCorePerson to load data from Cassandra Source person_stg to Snowflake Target person","${ANA_LOG}/${AUTO_JOB_NAME}.log","${ANA_LOG}/${AUTO_JOB_NAME}.log",1,"${HOME}/jobs/ana/env/ana_env_sf.sh",ANA
US.ANA01118.CMD, CMD,US.ANA01035.BOX,$GEN_BIN/run_Talend_job.ksh -j "jSfCorePersonAssetHistory",Virtual_DEV_Linux,autosys,gx;ge;wx,0,s(US.ANA01062.CMD),"Triggers job jSfCorePersonAssetHistory to load data from Cassandra Source person_asset_history_stg to Snowflake Target person_asset_history","${ANA_LOG}/${AUTO_JOB_NAME}.log","${ANA_LOG}/${AUTO_JOB_NAME}.log",1,"${HOME}/jobs/ana/env/ana_env_sf.sh",ANA
US.ANA01139.CMD, CMD,US.ANA01044.BOX,$GEN_BIN/run_Talend_job.ksh -j "jSfTxnAcdtAssetOdmtrEstmtStg",Virtual_DEV_Linux,autosys,gx;ge;wx,0,null,"Triggers job jSfTxnAcdtAssetOdmtrEstmtStg to load data from Spin Source asset_odometer_estimate to Snowflake Target asset_odometer_estimate_stg","${ANA_LOG}/${AUTO_JOB_NAME}.log","${ANA_LOG}/${AUTO_JOB_NAME}.log",1,"${HOME}/jobs/ana/env/ana_env_sf.sh",ANA
US.ANA01162.CMD, CMD,US.ANA01025.BOX,$GEN_BIN/run_Talend_job.ksh -j "jSfTxnBillOthrChrgDailyMasterStg",Virtual_DEV_Linux,autosys,gx;ge;wx,0,null,"Triggers job jSfTxnBillOthrChrgDailyMasterStg to load data from Spin Source other_charge_daily to Snowflake Stage other_charge_daily","${ANA_LOG}/${AUTO_JOB_NAME}.log","${ANA_LOG}/${AUTO_JOB_NAME}.log",1,"${HOME}/jobs/ana/env/ana_env_sf.sh",ANA
US.ANA01163.CMD, CMD,US.ANA01054.BOX,$GEN_BIN/run_Talend_job.ksh -j "54",Virtual_DEV_Linux,autosys,gx;ge;wx,0,null,"Triggers job jSfTxnBillPaidTicktInfStg to load data from Spin Source paid_ticket to Snowflake Stage paid_ticket_info","${ANA_LOG}/${AUTO_JOB_NAME}.log","${ANA_LOG}/${AUTO_JOB_NAME}.log",1,"${HOME}/jobs/ana/env/ana_env_sf.sh",ANA
US.ANA01164.CMD, CMD,US.ANA01055.BOX,$GEN_BIN/run_Talend_job.ksh -j "jSfTxnBillSoldUnitNotcInfStg",Virtual_DEV_Linux,autosys,gx;ge;wx,0,null,"Triggers job jSfTxnBillSoldUnitNotcInfStg to load data from Spin Source sold_unit_notice_expense to Snowflake Stage sold_unit_notice_info","${ANA_LOG}/${AUTO_JOB_NAME}.log","${ANA_LOG}/${AUTO_JOB_NAME}.log",1,"${HOME}/jobs/ana/env/ana_env_sf.sh",ANA
US.ANA01173.CMD, CMD,US.ANA01044.BOX,$GEN_BIN/run_Talend_job.ksh -j "jSfTxnAcdtAssetOdmtrEstmt",Virtual_DEV_Linux,autosys,gx;ge;wx,0,s(US.ANA01139.CMD),"Triggers job jSfTxnAcdtAssetOdmtrEstmt to load data from Snowflake Source asset_odometer_estimate _stg to Snowflake Target asset_odometer_estimate","${ANA_LOG}/${AUTO_JOB_NAME}.log","${ANA_LOG}/${AUTO_JOB_NAME}.log",1,"${HOME}/jobs/ana/env/ana_env_sf.sh",ANA
US.ANA01194.CMD, CMD,US.ANA01054.BOX,$GEN_BIN/run_Talend_job.ksh -j "jSfTxnBillPaidTicktInf",Virtual_DEV_Linux,autosys,gx;ge;wx,0,s(US.ANA01163.CMD),"Triggers job jSfTxnBillPaidTicktInf to load data from Snowflake Source paid_ticket_info_stg to Snowflake Target paid_ticket_info","${ANA_LOG}/${AUTO_JOB_NAME}.log","${ANA_LOG}/${AUTO_JOB_NAME}.log",1,"${HOME}/jobs/ana/env/ana_env_sf.sh",ANA
US.ANA01195.CMD, CMD,US.ANA01055.BOX,$GEN_BIN/run_Talend_job.ksh -j "jSfTxnBillSoldUnitNotcInf",Virtual_DEV_Linux,autosys,gx;ge;wx,0,s(US.ANA01164.CMD),"Triggers job jSfTxnBillSoldUnitNotcInf to load data from Cassandra Source sold_unit_notice_info_stg to Snowflake Target sold_unit_notice_info","${ANA_LOG}/${AUTO_JOB_NAME}.log","${ANA_LOG}/${AUTO_JOB_NAME}.log",1,"${HOME}/jobs/ana/env/ana_env_sf.sh",ANA
US.ANA01196.CMD, CMD,US.ANA01040.BOX,$GEN_BIN/run_Talend_job.ksh -j "jSfRefCoreClientStg",Virtual_DEV_Linux,autosys,gx;ge;wx,0,null,"Triggers job jSfRefCoreRefClientStg to load data from Spin Source client to Snowflake Stage ref_client","${ANA_LOG}/${AUTO_JOB_NAME}.log","${ANA_LOG}/${AUTO_JOB_NAME}.log",1,"${HOME}/jobs/ana/env/ana_env_sf.sh",ANA
US.ANA01197.CMD, CMD,US.ANA01019.BOX,$GEN_BIN/run_Talend_job.ksh -j "jSfRefCoreRefDateRangeStg",Virtual_DEV_Linux,autosys,gx;ge;wx,0,null,"Triggers job jSfRefCoreRefDateRangeStg to load data from Spin Source Delimited to Snowflake Stage ref_date_range","${ANA_LOG}/${AUTO_JOB_NAME}.log","${ANA_LOG}/${AUTO_JOB_NAME}.log",1,"${HOME}/jobs/ana/env/ana_env_sf.sh",ANA
US.ANA01198.CMD, CMD,US.ANA01057.BOX,$GEN_BIN/run_Talend_job.ksh -j "jSfRefCoreInvyStatCodeStg",Virtual_DEV_Linux,autosys,gx;ge;wx,0,null,"Triggers job jSfRefCoreInvyStatCodeStg to load data from Spin Source inventory_status_code to Snowflake Stage ref_inventory_status_code","${ANA_LOG}/${AUTO_JOB_NAME}.log","${ANA_LOG}/${AUTO_JOB_NAME}.log",1,"${HOME}/jobs/ana/env/ana_env_sf.sh",ANA
US.ANA01199.CMD, CMD,US.ANA01058.BOX,$GEN_BIN/run_Talend_job.ksh -j "jSfRefCoreProductClassCodeStg",Virtual_DEV_Linux,autosys,gx;ge;wx,0,null,"Triggers job jSfRefCoreProductClassCodeStg to load data from Spin Source product_class_code to Snowflake Stage ref_product_class_code","${ANA_LOG}/${AUTO_JOB_NAME}.log","${ANA_LOG}/${AUTO_JOB_NAME}.log",1,"${HOME}/jobs/ana/env/ana_env_sf.sh",ANA
US.ANA01208.CMD, CMD,US.ANA01029.BOX,$GEN_BIN/run_Talend_job.ksh -j "jSfRefCoreInvRefCntyPrvcLctnCdStg",Virtual_DEV_Linux,autosys,gx;ge;wx,0,null,"Triggers job jSfRefCoreInvRefCntyPrvcLctnCdStg to load data from Spin Source county_province_location_code to Snowflake Stage ref_county_province_location_code","${ANA_LOG}/${AUTO_JOB_NAME}.log","${ANA_LOG}/${AUTO_JOB_NAME}.log",1,"${HOME}/jobs/ana/env/ana_env_sf.sh",ANA
US.ANA01209.CMD, CMD,US.ANA01050.BOX,$GEN_BIN/run_Talend_job.ksh -j "jSfRefCoreCntractCdStg",Virtual_DEV_Linux,autosys,gx;ge;wx,0,null,"Triggers job jSfRefCoreRefCntractCdStg to load data from Spin Source contract_code to Snowflake Stage ref_contract_code","${ANA_LOG}/${AUTO_JOB_NAME}.log","${ANA_LOG}/${AUTO_JOB_NAME}.log",1,"${HOME}/jobs/ana/env/ana_env_sf.sh",ANA
US.ANA01222.CMD, CMD,US.ANA01034.BOX,$GEN_BIN/run_Talend_job.ksh -j "jSfRefCoreTagTypeCodeStg",Virtual_DEV_Linux,autosys,gx;ge;wx,0,null,"Triggers job jSfRefCoreTnRRefTagTypeCodeStg to load data from Spin Source refd1_reference_cur.dbo.tag_type_code to Snowflake Stage ref_tag_type_code","${ANA_LOG}/${AUTO_JOB_NAME}.log","${ANA_LOG}/${AUTO_JOB_NAME}.log",1,"${HOME}/jobs/ana/env/ana_env_sf.sh",ANA
US.ANA01228.CMD, CMD,US.ANA01027.BOX,$GEN_BIN/run_Talend_job.ksh -j "jSfRefCoreRefChrgCdRprtGrpngStg",Virtual_DEV_Linux,autosys,gx;ge;wx,0,null,"Triggers job jSfRefChrgCdRprtGrpngStg  to load data from Spin Source charge_code_report_grouping to Snowflake Stage ref_charge_code_report_grouping","${ANA_LOG}/${AUTO_JOB_NAME}.log","${ANA_LOG}/${AUTO_JOB_NAME}.log",1,"${HOME}/jobs/ana/env/ana_env_sf.sh",ANA
US.ANA01229.CMD, CMD,US.ANA01041.BOX,$GEN_BIN/run_Talend_job.ksh -j "jSfRefCoreChrgRsnCdXrfStg",Virtual_DEV_Linux,autosys,gx;ge;wx,0,null,"Triggers job jSfRefCoreRefChrgRsnCdXrfStg to load data from Spin Source charge_reason_code_xref to Snowflake Stage charge_reason_code_xref","${ANA_LOG}/${AUTO_JOB_NAME}.log","${ANA_LOG}/${AUTO_JOB_NAME}.log",1,"${HOME}/jobs/ana/env/ana_env_sf.sh",ANA
US.ANA01230.CMD, CMD,US.ANA01039.BOX,$GEN_BIN/run_Talend_job.ksh -j "jSfRefCoreMnthlyBlngCutOffDateStg",Virtual_DEV_Linux,autosys,gx;ge;wx,0,null,"Triggers job jSfRefCoreMnthlyBlngCutOffDateStg to load data from Spin Source monthly_billing_cutoff_date to Snowflake Stage ref_monthly_billing_cutoff_date","${ANA_LOG}/${AUTO_JOB_NAME}.log","${ANA_LOG}/${AUTO_JOB_NAME}.log",1,"${HOME}/jobs/ana/env/ana_env_sf.sh",ANA
US.ANA01232.CMD, CMD,US.ANA01051.BOX,$GEN_BIN/run_Talend_job.ksh -j "jSfRefCoreRefStPrvAbbrvtnStg",Virtual_DEV_Linux,autosys,gx;ge;wx,0,null,"Triggers job jSfRefCoreRefStPrvAbbrvtnStg to load data from Spin Source state_province_abbreviation to Snowflake Stage ref_state_province_abbreviation","${ANA_LOG}/${AUTO_JOB_NAME}.log","${ANA_LOG}/${AUTO_JOB_NAME}.log",1,"${HOME}/jobs/ana/env/ana_env_sf.sh",ANA
US.ANA01233.CMD, CMD,US.ANA01052.BOX,$GEN_BIN/run_Talend_job.ksh -j "jSfRefCoreRefStPrvRgnXrfStg",Virtual_DEV_Linux,autosys,gx;ge;wx,0,null,"Triggers job jSfRefCoreRefStPrvRgnXrfStg to load data from Spin Source state_province_region_xref to Snowflake Stage ref_state_province_region_xref","${ANA_LOG}/${AUTO_JOB_NAME}.log","${ANA_LOG}/${AUTO_JOB_NAME}.log",1,"${HOME}/jobs/ana/env/ana_env_sf.sh",ANA
US.ANA01234.CMD, CMD,US.ANA01059.BOX,$GEN_BIN/run_Talend_job.ksh -j "jSfRefCoreAtaCdStg",Virtual_DEV_Linux,autosys,gx;ge;wx,0,null,"Triggers job jSfRefCoreAtaCdStg to load data from Spin Source ATA_code to Snowflake Stage ATA_code","${ANA_LOG}/${AUTO_JOB_NAME}.log","${ANA_LOG}/${AUTO_JOB_NAME}.log",1,"${HOME}/jobs/ana/env/ana_env_sf.sh",ANA
US.ANA01239.CMD, CMD,US.ANA01040.BOX,$GEN_BIN/run_Talend_job.ksh -j "jSfRefCoreClient",Virtual_DEV_Linux,autosys,gx;ge;wx,0,s(US.ANA01196.CMD),"Triggers job jSfRefCoreRefClient to load data from Spin Source client to Snowflake Stage ref_client","${ANA_LOG}/${AUTO_JOB_NAME}.log","${ANA_LOG}/${AUTO_JOB_NAME}.log",1,"${HOME}/jobs/ana/env/ana_env_sf.sh",ANA
US.ANA01240.CMD, CMD,US.ANA01019.BOX,$GEN_BIN/run_Talend_job.ksh -j "jSfRefCoreRefDateRange",Virtual_DEV_Linux,autosys,gx;ge;wx,0,s(US.ANA01197.CMD),"Triggers job jSfRefCoreRefDateRange to load data from Spin Source ref_date_range_stg to Snowflake Target ref_date_range","${ANA_LOG}/${AUTO_JOB_NAME}.log","${ANA_LOG}/${AUTO_JOB_NAME}.log",1,"${HOME}/jobs/ana/env/ana_env_sf.sh",ANA
US.ANA01241.CMD, CMD,US.ANA01057.BOX,$GEN_BIN/run_Talend_job.ksh -j "jSfRefCoreInvyStatCode",Virtual_DEV_Linux,autosys,gx;ge;wx,0,s(US.ANA01198.CMD),"Triggers job jSfRefCoreInvyStatCode to load data from Cassandra Source ref_inventory_status_code_stg to Snowflake Target ref_inventory_status_code","${ANA_LOG}/${AUTO_JOB_NAME}.log","${ANA_LOG}/${AUTO_JOB_NAME}.log",1,"${HOME}/jobs/ana/env/ana_env_sf.sh",ANA
US.ANA01242.CMD, CMD,US.ANA01058.BOX,$GEN_BIN/run_Talend_job.ksh -j "jSfRefCoreProductClassCode",Virtual_DEV_Linux,autosys,gx;ge;wx,0,s(US.ANA01199.CMD),"Triggers job jSfRefCoreProductClassCode to load data from Cassandra Source ref_product_class_code_stg to Snowflake Target ref_product_class_code","${ANA_LOG}/${AUTO_JOB_NAME}.log","${ANA_LOG}/${AUTO_JOB_NAME}.log",1,"${HOME}/jobs/ana/env/ana_env_sf.sh",ANA
US.ANA01251.CMD, CMD,US.ANA01029.BOX,$GEN_BIN/run_Talend_job.ksh -j "jSfRefCoreRefCntyPrvcLctnCd",Virtual_DEV_Linux,autosys,gx;ge;wx,0,s(US.ANA01208.CMD),"Triggers job jSfRefCoreRefCntyPrvcLctnCd to load data from Cassandra Source ref_county_province_location_code_stg to Snowflake Target fdb_core_ref_county_province_location_code","${ANA_LOG}/${AUTO_JOB_NAME}.log","${ANA_LOG}/${AUTO_JOB_NAME}.log",1,"${HOME}/jobs/ana/env/ana_env_sf.sh",ANA
US.ANA01252.CMD, CMD,US.ANA01050.BOX,$GEN_BIN/run_Talend_job.ksh -j "jSfRefCoreCntractCd",Virtual_DEV_Linux,autosys,gx;ge;wx,0,s(US.ANA01209.CMD),"Triggers job jSfRefCoreRefCntractCd to load data from Cassandra Source ref_contract_code_stg to Snowflake Target fdb_core_ref_contract_code","${ANA_LOG}/${AUTO_JOB_NAME}.log","${ANA_LOG}/${AUTO_JOB_NAME}.log",1,"${HOME}/jobs/ana/env/ana_env_sf.sh",ANA
US.ANA01265.CMD, CMD,US.ANA01034.BOX,$GEN_BIN/run_Talend_job.ksh -j "jSfRefCoreTagTypeCode",Virtual_DEV_Linux,autosys,gx;ge;wx,0,s(US.ANA01222.CMD),"Triggers job jSfRefCoreTnRRefTagTypeCode to load data from Cassandra Source ref_tag_type_code_stg to Snowflake Target tag_type_code","${ANA_LOG}/${AUTO_JOB_NAME}.log","${ANA_LOG}/${AUTO_JOB_NAME}.log",1,"${HOME}/jobs/ana/env/ana_env_sf.sh",ANA
US.ANA01269.CMD, CMD,US.ANA01039.BOX,$GEN_BIN/run_Talend_job.ksh -j "jSfRefCoreMnthlyBlngCutOffDate",Virtual_DEV_Linux,autosys,gx;ge;wx,0,s(US.ANA01230.CMD),"Triggers job jSfRefCoreMnthlyBlngCutOffDate to load data from Cassandra Source ref_monthly_billing_cutoff_date to Filodb Target ref_monthly_billing_cutoff_date","${ANA_LOG}/${AUTO_JOB_NAME}.log","${ANA_LOG}/${AUTO_JOB_NAME}.log",1,"${HOME}/jobs/ana/env/ana_env_sf.sh",ANA
US.ANA01271.CMD, CMD,US.ANA01027.BOX,$GEN_BIN/run_Talend_job.ksh -j "jSfRefCoreRefChrgCdRprtGrpng",Virtual_DEV_Linux,autosys,gx;ge;wx,0,s(US.ANA01228.CMD),"Triggers job jSfRefCoreRefChrgCdRprtGrpng to load data from Cassandra Source ref_charge_code_report_grouping_stg to Filodb Target ref_charge_code_report_grouping","${ANA_LOG}/${AUTO_JOB_NAME}.log","${ANA_LOG}/${AUTO_JOB_NAME}.log",1,"${HOME}/jobs/ana/env/ana_env_sf.sh",ANA
US.ANA01272.CMD, CMD,US.ANA01041.BOX,$GEN_BIN/run_Talend_job.ksh -j "jSfRefCoreChrgRsnCdXrf",Virtual_DEV_Linux,autosys,gx;ge;wx,0,s(US.ANA01229.CMD),"Triggers job jSfRefCoreRefChrgRsnCdXrf to load data from Spin Source ref_new_unit_notice_stg to Snowflake Stage ref_new_unit_notice","${ANA_LOG}/${AUTO_JOB_NAME}.log","${ANA_LOG}/${AUTO_JOB_NAME}.log",1,"${HOME}/jobs/ana/env/ana_env_sf.sh",ANA
US.ANA01274.CMD, CMD,US.ANA01051.BOX,$GEN_BIN/run_Talend_job.ksh -j "jSfRefCoreRefStPrvAbbrvtn",Virtual_DEV_Linux,autosys,gx;ge;wx,0,s(US.ANA01232.CMD),"Triggers job jSfRefCoreRefStPrvAbbrvtn to load data from Cassandra Source ref_state_province_abbreviation_stg to Snowflake Target ref_state_province_abbreviation","${ANA_LOG}/${AUTO_JOB_NAME}.log","${ANA_LOG}/${AUTO_JOB_NAME}.log",1,"${HOME}/jobs/ana/env/ana_env_sf.sh",ANA
US.ANA01275.CMD, CMD,US.ANA01052.BOX,$GEN_BIN/run_Talend_job.ksh -j "jSfRefCoreRefStPrvRgnXrf",Virtual_DEV_Linux,autosys,gx;ge;wx,0,s(US.ANA01233.CMD),"Triggers job jSfRefCoreRefStPrvRgnXrf to load data from Cassandra Source ref_state_province_region_xref_stg to Snowflake Target ref_state_province_region_xref","${ANA_LOG}/${AUTO_JOB_NAME}.log","${ANA_LOG}/${AUTO_JOB_NAME}.log",1,"${HOME}/jobs/ana/env/ana_env_sf.sh",ANA
US.ANA01276.CMD, CMD,US.ANA01059.BOX,$GEN_BIN/run_Talend_job.ksh -j "jSfRefCoreAtaCd",Virtual_DEV_Linux,autosys,gx;ge;wx,0,s(US.ANA01234.CMD),"Triggers job jSfRefCoreAtaCd to load data from Spin Source ref_ata_code_stg to Snowflake Target ATA_code","${ANA_LOG}/${AUTO_JOB_NAME}.log","${ANA_LOG}/${AUTO_JOB_NAME}.log",1,"${HOME}/jobs/ana/env/ana_env_sf.sh",ANA
US.ANA01284.CMD, CMD,US.ANA01020.BOX,$GEN_BIN/run_Talend_job.ksh -j "jSfCoreSrvcCrdSplit1IncStg",Virtual_DEV_Linux,autosys,gx;ge;wx,0,null,"Triggers job jSfCoreSrvcCrdSplit1IncStg to load data from Spin Source service_card to Snowflake Stage service_card","${ANA_LOG}/${AUTO_JOB_NAME}.log","${ANA_LOG}/${AUTO_JOB_NAME}.log",1,"${HOME}/jobs/ana/env/ana_env_sf.sh",ANA
US.ANA01285.CMD, CMD,US.ANA01020.BOX,$GEN_BIN/run_Talend_job.ksh -j "jSfCoreSrvcCrdSplit2IncStg",Virtual_DEV_Linux,autosys,gx;ge;wx,0,s(US.ANA01284.CMD),"Triggers job jSfCoreSrvcCrdSplit2IncStg to load data from Spin Source service_card to Snowflake Target service_card","${ANA_LOG}/${AUTO_JOB_NAME}.log","${ANA_LOG}/${AUTO_JOB_NAME}.log",1,"${HOME}/jobs/ana/env/ana_env_sf.sh",ANA
US.ANA01291.CMD, CMD,US.ANA01020.BOX,$GEN_BIN/run_Talend_job.ksh -j "jSfCoreSrvcCrdInc",Virtual_DEV_Linux,autosys,gx;ge;wx,0,s(US.ANA01285.CMD),"Triggers job jSfCoreSrvcCrdInc to load data from Cassandra Source service_card_stg to Snowflake Target service_card","${ANA_LOG}/${AUTO_JOB_NAME}.log","${ANA_LOG}/${AUTO_JOB_NAME}.log",1,"${HOME}/jobs/ana/env/ana_env_sf.sh",ANA
US.ANA01297.CMD, CMD,US.ANA01049.BOX,$GEN_BIN/run_Talend_job.ksh -j "jSfTxnBillNwUntNtcAcqInfStg",Virtual_DEV_Linux,autosys,gx;ge;wx,0,null,"Triggers job jSfTxnBillNwUntNtcAcqInfStg to load data from Spin Source new_unit_notice_acquisition to Cassandra Target new_unit_notice_acquisition_info","${ANA_LOG}/${AUTO_JOB_NAME}.log","${ANA_LOG}/${AUTO_JOB_NAME}.log",1,"${HOME}/jobs/ana/env/ana_env_sf.sh",ANA
US.ANA01298.CMD, CMD,US.ANA01048.BOX,$GEN_BIN/run_Talend_job.ksh -j "jSfTxnBillNwUntNtcAdjustmntInfStg",Virtual_DEV_Linux,autosys,gx;ge;wx,0,null,"Triggers job jSfTxnBillNwUntNtcAdjustmntInfStg to load data from Spin Source new_unit_notice_adjustment to Snowflake Stage new_unit_notice_adjustment_info","${ANA_LOG}/${AUTO_JOB_NAME}.log","${ANA_LOG}/${AUTO_JOB_NAME}.log",1,"${HOME}/jobs/ana/env/ana_env_sf.sh",ANA
US.ANA01299.CMD, CMD,US.ANA01036.BOX,$GEN_BIN/run_Talend_job.ksh -j "jSfTxnBillNwUntNtcInfStg",Virtual_DEV_Linux,autosys,gx;ge;wx,0,null,"Triggers job jBlngNwUntNtcInf to load data from Spin Source new_unit_notice to Snowflake Target new_unit_notice_info","${ANA_LOG}/${AUTO_JOB_NAME}.log","${ANA_LOG}/${AUTO_JOB_NAME}.log",1,"${HOME}/jobs/ana/env/ana_env_sf.sh",ANA
US.ANA01300.CMD, CMD,US.ANA01037.BOX,$GEN_BIN/run_Talend_job.ksh -j "jSfTxnBillNwUntNtcPymntInfStg",Virtual_DEV_Linux,autosys,gx;ge;wx,0,null,"Triggers job jSfTxnBillNwUntNtcPymntInfStg to load data from Spin Source new_unit_notice_payment to Snowflake Stage new_unit_notice_payment_info","${ANA_LOG}/${AUTO_JOB_NAME}.log","${ANA_LOG}/${AUTO_JOB_NAME}.log",1,"${HOME}/jobs/ana/env/ana_env_sf.sh",ANA
US.ANA01305.CMD, CMD,US.ANA01049.BOX,$GEN_BIN/run_Talend_job.ksh -j "jSfTxnBillNwUntNtcAcqInf",Virtual_DEV_Linux,autosys,gx;ge;wx,0,s(US.ANA01297.CMD),"Triggers job jSfTxnBillNwUntNtcAcqInf to load data from Cassandra Source new_unit_notice_aquisition_info_stg to Filodb Target new_unit_notice_aquisition_info","${ANA_LOG}/${AUTO_JOB_NAME}.log","${ANA_LOG}/${AUTO_JOB_NAME}.log",1,"${HOME}/jobs/ana/env/ana_env_sf.sh",ANA
US.ANA01306.CMD, CMD,US.ANA01048.BOX,$GEN_BIN/run_Talend_job.ksh -j "jSfTxnBillNwUntNtcAdjustmntInf",Virtual_DEV_Linux,autosys,gx;ge;wx,0,s(US.ANA01298.CMMD),"Triggers job jSfTxnBillNwUntNtcAdjustmntInf to load data from Snowflake Source new_unit_notice_adjustment_info_stg to Snowflake Stage new_unit_notice_adjustment_info","${ANA_LOG}/${AUTO_JOB_NAME}.log","${ANA_LOG}/${AUTO_JOB_NAME}.log",1,"${HOME}/jobs/ana/env/ana_env_sf.sh",ANA
US.ANA01307.CMD, CMD,US.ANA01036.BOX,$GEN_BIN/run_Talend_job.ksh -j "jSfTxnBillNwUntNtcInf",Virtual_DEV_Linux,autosys,gx;ge;wx,0,s(US.ANA01299.CMD),"Triggers job jBlngFdbNwUntNtcInf to load data from Cassandra Source new_unit_notice_info_stg to Filodb Target new_unit_notice_info","${ANA_LOG}/${AUTO_JOB_NAME}.log","${ANA_LOG}/${AUTO_JOB_NAME}.log",1,"${HOME}/jobs/ana/env/ana_env_sf.sh",ANA
US.ANA01308.CMD, CMD,US.ANA01037.BOX,$GEN_BIN/run_Talend_job.ksh -j "jSfTxnBillNwUntNtcPymntInf",Virtual_DEV_Linux,autosys,gx;ge;wx,0,s(US.ANA01300.CMD),"Triggers job jSfTxnBillNwUntNtcPymntInf to load data from Cassandra Source new_unit_notice_payment_info_stg to Snowflake Target new_unit_notice_payment_info","${ANA_LOG}/${AUTO_JOB_NAME}.log","${ANA_LOG}/${AUTO_JOB_NAME}.log",1,"${HOME}/jobs/ana/env/ana_env_sf.sh",ANA
US.ANA01318.CMD, CMD,US.ANA01032.BOX,$GEN_BIN/run_Talend_job.ksh -j "jSfTxnInvAgPsnAstSplit1Stg",Virtual_DEV_Linux,autosys,gx;ge;wx,0,s(US.ANA01071.CMD),"Triggers job jSfTxnInvAgPsnAstSplit1Stg to load data from Spin Source person_asset to Snowflake Stage agg_person_asset","${ANA_LOG}/${AUTO_JOB_NAME}.log","${ANA_LOG}/${AUTO_JOB_NAME}.log",1,"${HOME}/jobs/ana/env/ana_env_sf.sh",ANA
US.ANA01319.CMD, CMD,US.ANA01032.BOX,$GEN_BIN/run_Talend_job.ksh -j "jSfTxnInvAggPrsnAst",Virtual_DEV_Linux,autosys,gx;ge;wx,0,s(US.ANA01318.CMD),"Triggers job jSfTxnInvAggPrsnAst to load data from Cassandra Source agg_person_asset_stg to Snowflake Target agg_person_asset","${ANA_LOG}/${AUTO_JOB_NAME}.log","${ANA_LOG}/${AUTO_JOB_NAME}.log",1,"${HOME}/jobs/ana/env/ana_env_sf.sh",ANA
US.ANA01320.CMD, CMD,US.ANA01032.BOX,$GEN_BIN/run_Talend_job.ksh -j "jSfTxnInvAgPsnAstSplit1UpdPartStg",Virtual_DEV_Linux,autosys,gx;ge;wx,0,s(US.ANA01319.CMD),"Triggers job jSfTxnInvAgPsnAstSplit1UpdPartStg to load data from Spin Source person_asset to Snowflake Target agg_person_asset","${ANA_LOG}/${AUTO_JOB_NAME}.log","${ANA_LOG}/${AUTO_JOB_NAME}.log",1,"${HOME}/jobs/ana/env/ana_env_sf.sh",ANA
US.ANA01343.CMD, CMD,US.ANA01013.BOX,$GEN_BIN/run_Talend_job.ksh -j "jSfCoreAstInfoExt2UpdStg",Virtual_DEV_Linux,autosys,gx;ge;wx,0,s(US.ANA01051.CMD),"Triggers job jSfCoreAstInfoExt2UpdStg to delete data in Snowflake Stage asset_info_ext2 from Spin CDC tables","${ANA_LOG}/${AUTO_JOB_NAME}.log","${ANA_LOG}/${AUTO_JOB_NAME}.log",1,"${HOME}/jobs/ana/env/ana_env_sf.sh",ANA
US.ANA01344.CMD, CMD,US.ANA01028.BOX,$GEN_BIN/run_Talend_job.ksh -j "jSfCoreAstInfoExt3UpdStg",Virtual_DEV_Linux,autosys,gx;ge;wx,0,s(US.ANA01061.CMD),"Triggers job jSfDelAstInfoExt3Stg to delete data in Snowflake Stage asset_info_ext2 from Spin CDC tables","${ANA_LOG}/${AUTO_JOB_NAME}.log","${ANA_LOG}/${AUTO_JOB_NAME}.log",1,"${HOME}/jobs/ana/env/ana_env_sf.sh",ANA
US.ANA01377.CMD, CMD,US.ANA01011.BOX,$GEN_BIN/run_Talend_job.ksh -j "jSfCoreAstInfoUpdStg",Virtual_DEV_Linux,autosys,gx;ge;wx,0,s(US.ANA01029.CMD),"Triggers job jSfCoreAstInfoUpdStg to delete data in Snowflake Stage asset_info from Spin CDC tables","${ANA_LOG}/${AUTO_JOB_NAME}.log","${ANA_LOG}/${AUTO_JOB_NAME}.log",1,"${HOME}/jobs/ana/env/ana_env_sf.sh",ANA
US.ANA01378.CMD, CMD,US.ANA01012.BOX,$GEN_BIN/run_Talend_job.ksh -j "jSfCoreAstInfoExt1UpdStg",Virtual_DEV_Linux,autosys,gx;ge;wx,0,s(US.ANA01044.CMD),"Triggers job jSfCoreAstInfoExt1UpdStg to delete data in Snowflake Stage asset_info_ext1 from Spin CDC tables","${ANA_LOG}/${AUTO_JOB_NAME}.log","${ANA_LOG}/${AUTO_JOB_NAME}.log",1,"${HOME}/jobs/ana/env/ana_env_sf.sh",ANA
US.ANA01398.CMD, CMD,US.ANA01023.BOX,$GEN_BIN/run_Talend_job.ksh -j "jSfRefCoreStateCtyLocCdInfStg",Virtual_DEV_Linux,autosys,gx;ge;wx,0,null,"Triggers job jSfRefCoreStateCtyLocCdInfStg to load data from Spin Source Ref_StateCtyLocCd to Snowflake Stage Ref_State_City_location_code_info","${ANA_LOG}/${AUTO_JOB_NAME}.log","${ANA_LOG}/${AUTO_JOB_NAME}.log",1,"${HOME}/jobs/ana/env/ana_env_sf.sh",ANA
US.ANA01399.CMD, CMD,US.ANA01023.BOX,$GEN_BIN/run_Talend_job.ksh -j "jSfRefCoreStateCtyLocCdInf",Virtual_DEV_Linux,autosys,gx;ge;wx,0,s(US.ANA01405.CMD),"Triggers job jSfRefCoreStateCtyLocCdInf to load data from Spin Source Ref_StateCtyLocCd to Snowflake Target Ref_StateCtyLocCd","${ANA_LOG}/${AUTO_JOB_NAME}.log","${ANA_LOG}/${AUTO_JOB_NAME}.log",1,"${HOME}/jobs/ana/env/ana_env_sf.sh",ANA
US.ANA01405.CMD, CMD,US.ANA01023.BOX,$GEN_BIN/run_Talend_job.ksh -j "jSfDelRefCoreCtyLctnCd",Virtual_DEV_Linux,autosys,gx;ge;wx,0,s(US.ANA01398.CMD),"Triggers job jSfDelRefCoreCtyLctnCd to delete data in Snowflake Ref_State_City_location_code_info from Spin CDC tables","${ANA_LOG}/${AUTO_JOB_NAME}.log","${ANA_LOG}/${AUTO_JOB_NAME}.log",1,"${HOME}/jobs/ana/env/ana_env_sf.sh",ANA
US.ANA01413.CMD, CMD,US.ANA01026.BOX,$GEN_BIN/run_Talend_job.ksh -j "jSfTxnInvAstInfFactlessFactStg",Virtual_DEV_Linux,autosys,gx;ge;wx,0,null,"Triggers job jSfTxnInvAstInfFactlessFactStg to load from Spin Asset_physical and person_asset to Cassandra Target asset_info_factless_fact","${ANA_LOG}/${AUTO_JOB_NAME}.log","${ANA_LOG}/${AUTO_JOB_NAME}.log",1,"${HOME}/jobs/ana/env/ana_env_sf.sh",ANA
US.ANA01414.CMD, CMD,US.ANA01026.BOX,$GEN_BIN/run_Talend_job.ksh -j "jSfTxnInvAstInfFactlessFact",Virtual_DEV_Linux,autosys,gx;ge;wx,0,s(US.ANA01413.CMD),"Triggers job jSfTxnInvAstInfFactlessFact to load asset_info_factless_fact_stg to FiloDB target asset_info_factless_fact","${ANA_LOG}/${AUTO_JOB_NAME}.log","${ANA_LOG}/${AUTO_JOB_NAME}.log",1,"${HOME}/jobs/ana/env/ana_env_sf.sh",ANA
US.ANA01417.CMD, CMD,US.ANA01021.BOX,$GEN_BIN/run_Talend_job.ksh -j "jSfCoreUserPrefILStg",Virtual_DEV_Linux,autosys,gx;ge;wx,0,null,"Triggers job jFuelUserPrefIL to load data from Spin Source user preference Snowflake Stg user_pref every half an hour","${ANA_LOG}/${AUTO_JOB_NAME}.log","${ANA_LOG}/${AUTO_JOB_NAME}.log",1,"${HOME}/jobs/ana/env/ana_env_sf.sh",ANA
US.ANA01418.CMD, CMD,US.ANA01021.BOX,$GEN_BIN/run_Talend_job.ksh -j "jSfCoreUserPrefIL",Virtual_DEV_Linux,autosys,gx;ge;wx,0,s(US.ANA01417.CMD),"Triggers job jSfCoreUserPrefIL to load data from Spin Source user pref to SnowFlake Target user_pref every half an hour","${ANA_LOG}/${AUTO_JOB_NAME}.log","${ANA_LOG}/${AUTO_JOB_NAME}.log",1,"${HOME}/jobs/ana/env/ana_env_sf.sh",ANA
US.ANA01421.CMD, CMD,US.ANA01024.BOX,$GEN_BIN/run_Talend_job.ksh -j "jSfBillingWorkflowStart",Virtual_DEV_Linux,autosys,gx;ge;wx,0,null,"Triggers job jSfBillingWorkflowStart to start workflow for project BIANALYTICS04-Billing","${ANA_LOG}/${AUTO_JOB_NAME}.log","${ANA_LOG}/${AUTO_JOB_NAME}.log",1,"${HOME}/jobs/ana/env/ana_env_sf.sh",ANA
US.ANA01422.CMD, CMD,US.ANA01024.BOX,$GEN_BIN/run_Talend_job.ksh -j "jSfTxnBillChrgLeaseBillableCdcInsStg",Virtual_DEV_Linux,autosys,gx;ge;wx,0,s(US.ANA01421.CMD),"Triggers job jSfTxnBillChrgLeaseBillableCdcInsStg to load data from Spin Source Lease Charge to Snowflake Stage Billing Charge Stage","${ANA_LOG}/${AUTO_JOB_NAME}.log","${ANA_LOG}/${AUTO_JOB_NAME}.log",1,"${HOME}/jobs/ana/env/ana_env_sf.sh",ANA
US.ANA01423.CMD, CMD,US.ANA01024.BOX,$GEN_BIN/run_Talend_job.ksh -j "jSfTxnBillChrgOthrBillableCdcInsStg",Virtual_DEV_Linux,autosys,gx;ge;wx,0,s(US.ANA01422.CMD),"Triggers job jSfTxnBillChrgOthrBillableCdcInsStg to load data from Spin Source Other Charge to Snowflake Stage Billing Charge Stage","${ANA_LOG}/${AUTO_JOB_NAME}.log","${ANA_LOG}/${AUTO_JOB_NAME}.log",1,"${HOME}/jobs/ana/env/ana_env_sf.sh",ANA
US.ANA01424.CMD, CMD,US.ANA01024.BOX,$GEN_BIN/run_Talend_job.ksh -j "jSfTxnBillChrgOthrNonBillableCdcInsStg",Virtual_DEV_Linux,autosys,gx;ge;wx,0,s(US.ANA01423.CMD),"Triggers job jSfTxnBillChrgOthrNonBillableCdcInsStg to load data from Spin Source Reference Document to Snowflake Stage Billing Charge Stage","${ANA_LOG}/${AUTO_JOB_NAME}.log","${ANA_LOG}/${AUTO_JOB_NAME}.log",1,"${HOME}/jobs/ana/env/ana_env_sf.sh",ANA
US.ANA01425.CMD, CMD,US.ANA01024.BOX,$GEN_BIN/run_Talend_job.ksh -j "jSfTxnBillChrgMaintNonBillableInsUpdStg",Virtual_DEV_Linux,autosys,gx;ge;wx,0,s(US.ANA01424.CMD),"Triggers job jSfTxnBillChrgMaintNonBillableInsUpdStg to load data from Spin Source Maintenance Order Detail to Snowflake Stage Billing Charge Stage","${ANA_LOG}/${AUTO_JOB_NAME}.log","${ANA_LOG}/${AUTO_JOB_NAME}.log",1,"${HOME}/jobs/ana/env/ana_env_sf.sh",ANA
US.ANA01426.CMD, CMD,US.ANA01024.BOX,$GEN_BIN/run_Talend_job.ksh -j "jSfTxnBillBlngChrgLeaseBill",Virtual_DEV_Linux,autosys,gx;ge;wx,0,s(US.ANA01425.CMD),"Triggers job jSfTxnBillBlngChrgLeaseBill to load data from Spin Source to Snowflake Target Billing Charge","${ANA_LOG}/${AUTO_JOB_NAME}.log","${ANA_LOG}/${AUTO_JOB_NAME}.log",1,"${HOME}/jobs/ana/env/ana_env_sf.sh",ANA
US.ANA01427.CMD, CMD,US.ANA01024.BOX,$GEN_BIN/run_Talend_job.ksh -j "jSfTxnBillBlngChrgOthrBill",Virtual_DEV_Linux,autosys,gx;ge;wx,0,s(US.ANA01426.CMD),"Triggers job jSfTxnBillBlngChrgOthrBill to load data from Spin Source to Snowflake Target Billing Charge","${ANA_LOG}/${AUTO_JOB_NAME}.log","${ANA_LOG}/${AUTO_JOB_NAME}.log",1,"${HOME}/jobs/ana/env/ana_env_sf.sh",ANA
US.ANA01428.CMD, CMD,US.ANA01024.BOX,$GEN_BIN/run_Talend_job.ksh -j "jSfTxnBillBlngChrgOthrNonBill",Virtual_DEV_Linux,autosys,gx;ge;wx,0,s(US.ANA01427.CMD),"Triggers job jSfTxnBillBlngChrgOthrNonBill to load data from Spin Source to Snowflake Target Billing Charge","${ANA_LOG}/${AUTO_JOB_NAME}.log","${ANA_LOG}/${AUTO_JOB_NAME}.log",1,"${HOME}/jobs/ana/env/ana_env_sf.sh",ANA
US.ANA01429.CMD, CMD,US.ANA01024.BOX,$GEN_BIN/run_Talend_job.ksh -j "jSfTxnBillBlngChrgMaintNonBill",Virtual_DEV_Linux,autosys,gx;ge;wx,0,s(US.ANA01428.CMD),"Triggers job jSfTxnBillBlngChrgMaintNonBill to load data from Spin Source to Snowflake Target Billing Charge","${ANA_LOG}/${AUTO_JOB_NAME}.log","${ANA_LOG}/${AUTO_JOB_NAME}.log",1,"${HOME}/jobs/ana/env/ana_env_sf.sh",ANA
US.ANA01430.CMD, CMD,US.ANA01024.BOX,$GEN_BIN/run_Talend_job.ksh -j "jSfRefCoreRefDateRangeStg",Virtual_DEV_Linux,autosys,gx;ge;wx,0,s(US.ANA01429.CMD),"Triggers job jSfRefCoreRefDateRangeStg to load data from Spin Source Delimited to Snowflake Stage ref_date_range","${ANA_LOG}/${AUTO_JOB_NAME}.log","${ANA_LOG}/${AUTO_JOB_NAME}.log",1,"${HOME}/jobs/ana/env/ana_env_sf.sh",ANA
US.ANA01431.CMD, CMD,US.ANA01024.BOX,$GEN_BIN/run_Talend_job.ksh -j "jSfRefCoreRefDateRange",Virtual_DEV_Linux,autosys,gx;ge;wx,0,s(US.ANA01430.CMD),"Triggers job jSfRefCoreRefDateRange to load data from Spin Source ref_date_range_stg to Snowflake Target ref_date_range","${ANA_LOG}/${AUTO_JOB_NAME}.log","${ANA_LOG}/${AUTO_JOB_NAME}.log",1,"${HOME}/jobs/ana/env/ana_env_sf.sh",ANA
US.ANA01433.CMD, CMD,US.ANA01024.BOX,$GEN_BIN/run_Talend_job.ksh -j "jSfBillingWorkflowEnd",Virtual_DEV_Linux,autosys,gx;ge;wx,0,s(US.ANA01431.CMD),"Triggers job jSfBillingWorkflowEnd to end workflow for project BIANALYTICS04-Billing","${ANA_LOG}/${AUTO_JOB_NAME}.log","${ANA_LOG}/${AUTO_JOB_NAME}.log",1,"${HOME}/jobs/ana/env/ana_env_sf.sh",ANA
US.ANA01440.CMD, CMD,US.ANA01002.BOX,$GEN_BIN/run_Talend_job.ksh -j "jSfCustomWorkflowStart",Virtual_DEV_Linux,autosys,gx;ge;wx,0,null,"Start workflow for project BIANALYTICS04-Custom","${ANA_LOG}/${AUTO_JOB_NAME}.log","${ANA_LOG}/${AUTO_JOB_NAME}.log",1,"${HOME}/jobs/ana/env/ana_env_sf.sh",ANA
US.ANA01443.CMD, CMD,US.ANA01010.BOX,$GEN_BIN/run_Talend_job.ksh -j "jSfCoreCustomFldAssetSeedStg",Virtual_DEV_Linux,autosys,gx;ge;wx,0,s(US.ANA01443.CMD),"Triggers job jSfCoreCustomFldAssetSeedStg to load data from Spin Source Custom Fields to Snowflake Stage Asset Custom Field","${ANA_LOG}/${AUTO_JOB_NAME}.log","${ANA_LOG}/${AUTO_JOB_NAME}.log",1,"${HOME}/jobs/ana/env/ana_env_sf.sh",ANA
US.ANA01445.CMD, CMD,US.ANA01010.BOX,$GEN_BIN/run_Talend_job.ksh -j "jSfCoreCustomFldAsset",Virtual_DEV_Linux,autosys,gx;ge;wx,0,s(US.ANA01514.CMD),"Triggers job jSfCoreCustomFldAsset to load data from Spin Source Asset Custom Fields to Snowflake Target Asset Custom Fields","${ANA_LOG}/${AUTO_JOB_NAME}.log","${ANA_LOG}/${AUTO_JOB_NAME}.log",1,"${HOME}/jobs/ana/env/ana_env_sf.sh",ANA
US.ANA01446.CMD, CMD,US.ANA01018.BOX,$GEN_BIN/run_Talend_job.ksh -j "jSfCorePersonCstmFldStg",Virtual_DEV_Linux,autosys,gx;ge;wx,0,s(US.ANA01513.CMD),"Triggers job jSfCorePersonCstmFldStg to load data from Spin Source Person Custom Fields to Snowflake Stage Person Custom Fields","${ANA_LOG}/${AUTO_JOB_NAME}.log","${ANA_LOG}/${AUTO_JOB_NAME}.log",1,"${HOME}/jobs/ana/env/ana_env_sf.sh",ANA
US.ANA01447.CMD, CMD,US.ANA01018.BOX,$GEN_BIN/run_Talend_job.ksh -j "jSfCorePersonCstmFld",Virtual_DEV_Linux,autosys,gx;ge;wx,0,s(US.ANA01446.CMD),"Triggers job jSfCorePersonCstmFld to load data from Spin Source Person Custom Fields to Snowflake Target Person Custom Fields","${ANA_LOG}/${AUTO_JOB_NAME}.log","${ANA_LOG}/${AUTO_JOB_NAME}.log",1,"${HOME}/jobs/ana/env/ana_env_sf.sh",ANA
US.ANA01458.CMD, CMD,US.ANA01030.BOX,$GEN_BIN/run_Talend_job.ksh -j "jSfRefCoreBlChrgCdStg",Virtual_DEV_Linux,autosys,gx;ge;wx,0,null,"Triggers job jSfRefCoreBlChrgCdStg to load from Spin Bill charge Code to Snowflake Stage ref_bill_chrg_cd","${ANA_LOG}/${AUTO_JOB_NAME}.log","${ANA_LOG}/${AUTO_JOB_NAME}.log",1,"${HOME}/jobs/ana/env/ana_env_sf.sh",ANA
US.ANA01468.CMD, CMD,US.ANA01030.BOX,$GEN_BIN/run_Talend_job.ksh -j "jSfRefCoreBlChrgCd",Virtual_DEV_Linux,autosys,gx;ge;wx,0,s(US.ANA01458.CMD),"Triggers job jSfRefCoreBlChrgCd to load from ref_bill_chrg_cd to Snowflake Target ref_bill_chrg_cd","${ANA_LOG}/${AUTO_JOB_NAME}.log","${ANA_LOG}/${AUTO_JOB_NAME}.log",1,"${HOME}/jobs/ana/env/ana_env_sf.sh",ANAS
US.ANA01505.CMD, CMD,US.ANA01043.BOX,$GEN_BIN/run_Talend_job.ksh -j "jSfCoreAssetOdmtrRdngStg",Virtual_DEV_Linux,autosys,gx;ge;wx,0,null,"Triggers job jSfCoreAssetOdmtrRdngStg to load data from EDB Source veh_odom to Snowflake Target asset_odom_rdng. This job is not dependent on any other job.","${ANA_LOG}/${AUTO_JOB_NAME}.log","${ANA_LOG}/${AUTO_JOB_NAME}.log",1,"${HOME}/jobs/ana/env/ana_env_sf.sh",ANA
US.ANA01510.CMD, CMD,US.ANA01043.BOX,$GEN_BIN/run_Talend_job.ksh -j "jSfCoreAssetOdmtrRdng",Virtual_DEV_Linux,autosys,gx;ge;wx,0,s(US.ANA01505.CMD),"Triggers job jSfCoreAssetOdmtrRdng to load data from Snowflake Source asset_odom_rdng_stg to Snowflake Target asset_odom_rdng","${ANA_LOG}/${AUTO_JOB_NAME}.log","${ANA_LOG}/${AUTO_JOB_NAME}.log",1,"${HOME}/jobs/ana/env/ana_env_sf.sh",ANA
US.ANA01511.CMD, CMD,US.ANA01038.BOX,$GEN_BIN/run_Talend_job.ksh -j "jSfTxnBillAggNewUnitNoticeAcqAdjStg",Virtual_DEV_Linux,autosys,gx;ge;wx,0,null,"Triggers job jSfTxnBillAggNewUnitNoticeAcqAdjStg to load data from Spin Source to Snowflake Stage agg_new_unit_notice_acq_adj","${ANA_LOG}/${AUTO_JOB_NAME}.log","${ANA_LOG}/${AUTO_JOB_NAME}.log",1,"${HOME}/jobs/ana/env/ana_env_sf.sh",ANA
US.ANA01513.CMD, CMD,US.ANA01018.BOX,$GEN_BIN/run_Talend_job.ksh -j "jSfCorePersonCstmFldSeedStg",Virtual_DEV_Linux,autosys,gx;ge;wx,0,null,"Triggers job jSfCorePersonCstmFldSeedStg to load data from Spin Source Person Custom Fields to Snowflake Stage Person Custom Fields","${ANA_LOG}/${AUTO_JOB_NAME}.log","${ANA_LOG}/${AUTO_JOB_NAME}.log",1,"${HOME}/jobs/ana/env/ana_env_sf.sh",ANA
US.ANA01519.CMD, CMD,US.ANA01067.BOX,$GEN_BIN/run_Talend_job.ksh -j "jSfTxnBillLoanPrnHstTranStg",Virtual_DEV_Linux,autosys,gx;ge;wx,0,null,"Triggers job to load data from Spin loan_prin_hist_tran to Snowflake. This is an independent job","${ANA_LOG}/${AUTO_JOB_NAME}.log","${ANA_LOG}/${AUTO_JOB_NAME}.log",1,"${HOME}/jobs/ana/env/ana_env_sf.sh",ANA
US.ANA01520.CMD, CMD,US.ANA01067.BOX,$GEN_BIN/run_Talend_job.ksh -j "jSfTxnBillLoanPrnHstTran",Virtual_DEV_Linux,autosys,gx;ge;wx,0,s(US.ANA01519.CMD),"Triggers job jSfTxnBillLoanPrnHstTran to load data from C* loan_prin_hist_tran to Snowflake Target","${ANA_LOG}/${AUTO_JOB_NAME}.log","${ANA_LOG}/${AUTO_JOB_NAME}.log",1,"${HOME}/jobs/ana/env/ana_env_sf.sh",ANA
US.ANA01521.CMD, CMD,US.ANA01060.BOX,$GEN_BIN/run_Talend_job.ksh -j "jSfRentalBillingWorkflowStart",Virtual_DEV_Linux,autosys,gx;ge;wx,0,null,"Triggers job jSfRentalBillingWorkflowStart to start workflow for project BIANALYTICS04-RentalBilling","${ANA_LOG}/${AUTO_JOB_NAME}.log","${ANA_LOG}/${AUTO_JOB_NAME}.log",1,"${HOME}/jobs/ana/env/ana_env_sf.sh",ANA
US.ANA01522.CMD, CMD,US.ANA01060.BOX,$GEN_BIN/run_Talend_job.ksh -j "jSfTxnBillChrgRentalLoanBillableCDCInsStg",Virtual_DEV_Linux,autosys,gx;ge;wx,0,null,"Load bill_chrg from SPIN to Snowflake Stage table billing_charge_lease_bill","${ANA_LOG}/${AUTO_JOB_NAME}.log","${ANA_LOG}/${AUTO_JOB_NAME}.log",1,"${HOME}/jobs/ana/env/ana_env_sf.sh",ANA
US.ANA01523.CMD, CMD,US.ANA01060.BOX,$GEN_BIN/run_Talend_job.ksh -j "jSfTxnBillBlngChrgRentalLoanBillable",Virtual_DEV_Linux,autosys,gx;ge;wx,0,s(US.ANA01522.CMD),"Load data from Spin table billing_charge_lease_bill to Snowflake Target","${ANA_LOG}/${AUTO_JOB_NAME}.log","${ANA_LOG}/${AUTO_JOB_NAME}.log",1,"${HOME}/jobs/ana/env/ana_env_sf.sh",ANA
US.ANA01524.CMD, CMD,US.ANA01060.BOX,$GEN_BIN/run_Talend_job.ksh -j "jSfRentalBillingWorkflowEnd",Virtual_DEV_Linux,autosys,gx;ge;wx,0,s(US.ANA01523.CMD),"Triggers job jSfRentalBillingWorkflowEnd to start workflow for project BIANALYTICS04-RentalBilling","${ANA_LOG}/${AUTO_JOB_NAME}.log","${ANA_LOG}/${AUTO_JOB_NAME}.log",1,"${HOME}/jobs/ana/env/ana_env_sf.sh",null
US.ANA01524.CMD, CMD,US.ANA01060.BOX,$GEN_BIN/run_Talend_job.ksh -j "jSfRentalBillingWorkflowEnd",Virtual_DEV_Linux,autosys,gx;ge;wx,0,s(US.ANA01523.CMD),"Triggers job jSfRentalBillingWorkflowEnd to start workflow for project BIANALYTICS04-RentalBilling","${ANA_LOG}/${AUTO_JOB_NAME}.log","${ANA_LOG}/${AUTO_JOB_NAME}.log",1,"${HOME}/jobs/ana/env/ana_env_sf.sh",ANA
US.ANA01527.CMD, CMD,US.ANA01014.BOX,$GEN_BIN/run_Talend_job.ksh -j "jSfCoreClntAstHeaderStg",Virtual_DEV_Linux,autosys,gx;ge;wx,0,null,"Triggers job to load data from Spin client_asset_detail_def to Snowflake Stage. This is an independent job","${ANA_LOG}/${AUTO_JOB_NAME}.log","${ANA_LOG}/${AUTO_JOB_NAME}.log",1,"${HOME}/jobs/ana/env/ana_env_sf.sh",ANA
US.ANA01528.CMD, CMD,US.ANA01014.BOX,$GEN_BIN/run_Talend_job.ksh -j "jSfCoreClntAstHeader",Virtual_DEV_Linux,autosys,gx;ge;wx,0,s(US.ANA01527.CMD),"Triggers job jSfCoreClntAstHeader to load data from Spin client_asset_header to Snowflake Target","${ANA_LOG}/${AUTO_JOB_NAME}.log","${ANA_LOG}/${AUTO_JOB_NAME}.log",1,"${HOME}/jobs/ana/env/ana_env_sf.sh",ANA
US.ANA01530.CMD, CMD,US.ANA01022.BOX,$GEN_BIN/run_Talend_job.ksh -j "jSfRefCoreRefLessorStg",Virtual_DEV_Linux,autosys@hvlvops1,gx;ge;wx,0,null,"Triggers job jSfRefCoreRefLessorStg to load lessor table of Snowflake from spin","${ANA_LOG}/${AUTO_JOB_NAME}.log","${ANA_LOG}/${AUTO_JOB_NAME}.log",1,"${HOME}/jobs/ana/env/ana_env_sf.sh",ANA
US.ANA01531.CMD, CMD,US.ANA01022.BOX,$GEN_BIN/run_Talend_job.ksh -j "jSfRefCoreRefLessor",Virtual_DEV_Linux,autosys@hvlvops1,gx;ge;wx,0,s(US.ANA01530.CMD),"Triggers job jSfRefCoreRefLessor to load lessor data from Spin Source to Snowflake Target","${ANA_LOG}/${AUTO_JOB_NAME}.log","${ANA_LOG}/${AUTO_JOB_NAME}.log",1,"${HOME}/jobs/ana/env/ana_env_sf.sh",ANA
US.ANA01591.CMD, CMD,US.ANA01047.BOX,$GEN_BIN/run_Talend_job.ksh -j "jSfTxnBillAtsDetailStg",Virtual_DEV_Linux,autosys,gx;ge;wx,0,null,"Triggers job jSfTxnBillAtsDetailStg to load ATS data in Cassandra from Postgres","${ANA_LOG}/${AUTO_JOB_NAME}.log","${ANA_LOG}/${AUTO_JOB_NAME}.log",1,"${HOME}/jobs/ana/env/ana_env_sf.sh",ANA
US.ANA01592.CMD, CMD,US.ANA01047.BOX,$GEN_BIN/run_Talend_job.ksh -j "jSfTxnBillAtsDetail",Virtual_DEV_Linux,autosys,gx;ge;wx,0,s(US.ANA01591.CMD),"Triggers job jSfTxnBillAtsDetail to load ATS data to Snowflake","${ANA_LOG}/${AUTO_JOB_NAME}.log","${ANA_LOG}/${AUTO_JOB_NAME}.log",1,"${HOME}/jobs/ana/env/ana_env_sf.sh",ANA
US.ANA01624.CMD, CMD,US.ANA01053.BOX,$GEN_BIN/run_Talend_job.ksh -j "jSfTxnBillLoanPrinHistTranSeedStg",Virtual_DEV_Linux,autosys,gx;ge;wx,0,null,"Triggers job jSfTxnBillLoanPrinHistTranSeedStg to load data from Spin Source lease_charge_detail chrg_dtl,lease_charge,loan_prin_hist_tran to Snowflake Stage loan_prin_hist_tran_stg","${ANA_LOG}/${AUTO_JOB_NAME}.log","${ANA_LOG}/${AUTO_JOB_NAME}.log",1,"${HOME}/jobs/ana/env/ana_env_sf.sh",ANA
US.ANA01625.CMD, CMD,US.ANA01053.BOX,$GEN_BIN/run_Talend_job.ksh -j "jSfTxnBillLoanPrinHistTranSeed",Virtual_DEV_Linux,autosys,gx;ge;wx,0,s(US.ANA01624.CMD),"Triggers job jSfTxnBillLoanPrinHistTranSeed to load data from C* loan_prin_hist_tran_stg to Snowflake Target","${ANA_LOG}/${AUTO_JOB_NAME}.log","${ANA_LOG}/${AUTO_JOB_NAME}.log",1,"${HOME}/jobs/ana/env/ana_env_sf.sh",ANA
US.ANA01731.CMD, CMD,US.ANA01042.BOX,$GEN_BIN/run_Talend_job.ksh -j "jSfCoreAssetOdmtrMnthlyVrnc",Virtual_DEV_Linux,autosys,gx;ge;wx,1,null,"This job will lod monthly odometer variance table","${ANA_LOG}/${AUTO_JOB_NAME}.log","${ANA_LOG}/${AUTO_JOB_NAME}.log",1,"${HOME}/jobs/ana/env/ana_env_sf.sh",ANA
US.ANA01733.CMD, CMD,US.ANA01056.BOX,$GEN_BIN/run_Talend_job.ksh -j "jSfCoreAssetLeaseScheduleDetailStg",Virtual_DEV_Linux,autosys,gx;ge;wx,0,null,"Triggers job jSfCoreAssetLeaseScheduleDetailStg to load data from Spin Source asset Lease schedule to Snowflake Target asset lease schedule Stage","${ANA_LOG}/${AUTO_JOB_NAME}.log","${ANA_LOG}/${AUTO_JOB_NAME}.log",1,"${HOME}/jobs/ana/env/ana_env_sf.sh",ANA
US.ANA01734.CMD, CMD,US.ANA01056.BOX,$GEN_BIN/run_Talend_job.ksh -j "jSfCoreAssetLeaseScheduleDetail",Virtual_DEV_Linux,autosys,gx;ge;wx,0,s(US.ANA01733.CMD),"Triggers job jSfCoreAssetLeaseScheduleDetail to load data from Snowflake source asset lease schedule to Target Snowflake asset lease schedule","${ANA_LOG}/${AUTO_JOB_NAME}.log","${ANA_LOG}/${AUTO_JOB_NAME}.log",1,"${HOME}/jobs/ana/env/ana_env_sf.sh",ANA
US.ANA01800.CMD, CMD,US.ANA01061.BOX,$GEN_BIN/run_Talend_job.ksh -j "jSfPahSpinPsnId",Virtual_DEV_Linux,autosys,gx;ge;wx,0,null,"Triggers job jSfPahSpinPsnId ","${ANA_LOG}/${AUTO_JOB_NAME}.log","${ANA_LOG}/${AUTO_JOB_NAME}.log",1,"${HOME}/jobs/ana/env/ana_env_sf.sh",ANA
US.ANA01801.CMD, CMD,US.ANA01062.BOX,$GEN_BIN/run_Talend_job.ksh -j "jSfCoreClientBreakdownSeedStg",Virtual_DEV_Linux,autosys,gx;ge;wx,0,null,"Triggers job jFuelClientBreakdownSeed to load data from Spin Source client_breakdown to Snowflake Target client_breakdown","${ANA_LOG}/${AUTO_JOB_NAME}.log","${ANA_LOG}/${AUTO_JOB_NAME}.log",1,"${HOME}/jobs/ana/env/ana_env_sf.sh",ANA
US.ANA01802.CMD, CMD,US.ANA01063.BOX,$GEN_BIN/run_Talend_job.ksh -j "jSfRefCoreRefDateRangeLastEstStg",Virtual_DEV_Linux,autosys,gx;ge;wx,0,null,"Triggers job jSfRefCoreRefDateRangeLastEstStg to load data from Spin Source client_breakdown to Snowflake Target client_breakdown","${ANA_LOG}/${AUTO_JOB_NAME}.log","${ANA_LOG}/${AUTO_JOB_NAME}.log",1,"${HOME}/jobs/ana/env/ana_env_sf.sh",ANA
US.ANA01803.CMD, CMD,US.ANA01064.BOX,$GEN_BIN/run_Talend_job.ksh -j "jTnRFdbOtherChargeInfo",Virtual_DEV_Linux,autosys,gx;ge;wx,0,null,"Triggers job jFuelClientBreakdownSeed to load data from Spin Source client_breakdown to Snowflake Target client_breakdown","${ANA_LOG}/${AUTO_JOB_NAME}.log","${ANA_LOG}/${AUTO_JOB_NAME}.log",1,"${HOME}/jobs/ana/env/ana_env_sf.sh",ANA
US.ANA01804.CMD, CMD,US.ANA01065.BOX,$GEN_BIN/run_Talend_job.ksh -j "jSfTxnTnROtherChargeInfoStg",Virtual_DEV_Linux,autosys,gx;ge;wx,0,null,"Triggers job jSfTxnTnROtherChargeInfoStg","${ANA_LOG}/${AUTO_JOB_NAME}.log","${ANA_LOG}/${AUTO_JOB_NAME}.log",1,"${HOME}/jobs/ana/env/ana_env_sf.sh",ANA
US.ANA01805.CMD, CMD,US.ANA01065.BOX,$GEN_BIN/run_Talend_job.ksh -j "jSfTxnTnROtherChargeInfo",Virtual_DEV_Linux,autosys,gx;ge;wx,0,s(US.ANA01804.CMD),"Triggers job jSfTxnTnROtherChargeInfo","${ANA_LOG}/${AUTO_JOB_NAME}.log","${ANA_LOG}/${AUTO_JOB_NAME}.log",1,"${HOME}/jobs/ana/env/ana_env_sf.sh",ANA
US.ANA01806.CMD, CMD,US.ANA01063.BOX,$GEN_BIN/run_Talend_job.ksh -j "jSfRefCoreRefDateRangeLastEst",Virtual_DEV_Linux,autosys,gx;ge;wx,0,s(US.ANA01802.CMD),"Triggers job jSfRefCoreRefDateRangeLastEst to load data from Spin Source client_breakdown to Snowflake Target client_breakdown","${ANA_LOG}/${AUTO_JOB_NAME}.log","${ANA_LOG}/${AUTO_JOB_NAME}.log",1,"${HOME}/jobs/ana/env/ana_env_sf.sh",ANA
US.ANA010408.CMD, CMD,US.ANA01046.BOX,$GEN_BIN/run_Talend_job.ksh -j "jSfRefCoreRntlCmpnyVehCdStg",Virtual_DEV_Linux,autosys,gx;ge;wx,0,null,"Triggers job jSfRefCoreRntlCmpnyVehCdStg to load data from Spin Source rental_company_car_class_code to Snowflake Target ref_rntl_cmpny_veh_cls_cd","${ANA_LOG}/${AUTO_JOB_NAME}.log","${ANA_LOG}/${AUTO_JOB_NAME}.log",1,"${HOME}/jobs/ana/env/ana_env_sf.sh",ANA
US.ANA010409.CMD, CMD,US.ANA01046.BOX,$GEN_BIN/run_Talend_job.ksh -j "jSfRefCoreRntlCmpnyVehCd",Virtual_DEV_Linux,autosys,gx;ge;wx,0,s(US.ANA010408.CMD),"Triggers job jSfRefCoreRntlCmpnyVehCd to load data from Snowflake Source ref_rntl_cmpny_veh_cls_cd_stg to Snowflake Target ref_rntl_cmpny_veh_cls_cd","${ANA_LOG}/${AUTO_JOB_NAME}.log","${ANA_LOG}/${AUTO_JOB_NAME}.log",1,"${HOME}/jobs/ana/env/ana_env_sf.sh",ANA
US.ANA010410.CMD, CMD,US.ANA01045.BOX,$GEN_BIN/run_Talend_job.ksh -j "jSfRefCoreOdomRdngSrcCdStg",Virtual_DEV_Linux,autosys,gx;ge;wx,0,null,"Triggers job jSfRefCoreOdomRdngSrcCdStg to load data from EDB Source odom_rdng_typ to Snowflake Stage ref_odom_rdng_src_cd","${ANA_LOG}/${AUTO_JOB_NAME}.log","${ANA_LOG}/${AUTO_JOB_NAME}.log",1,"${HOME}/jobs/ana/env/ana_env_sf.sh",ANA
US.ANA010411.CMD, CMD,US.ANA01045.BOX,$GEN_BIN/run_Talend_job.ksh -j "jSfRefCoreOdomRdngSrcCd",Virtual_DEV_Linux,autosys,gx;ge;wx,0,s(US.ANA010410.CMD),"Triggers job jSfRefCoreOdomRdngSrcCd to load data from Cassandra Source ref_odom_rdng_src_cd_stg to Snowflake Target ref_odom_rdng_src_cd","${ANA_LOG}/${AUTO_JOB_NAME}.log","${ANA_LOG}/${AUTO_JOB_NAME}.log",1,"${HOME}/jobs/ana/env/ana_env_sf.sh",ANA
